<?xml version="1.0" encoding="utf-8"?>
<plan>
  <id>4</id>
  <lang></lang>
  <title>Banner_Top</title>
  <form>sequential</form>
  <width>50</width>
  <height>50</height>
  <banners>
    <banners_item>
      <id>3</id>
      <title>Banner_Top_1</title>
      <clid>1</clid>
      <file_name>main-slider-3-1_1.jpg</file_name>
      <imageforswf>main-slider-3-1.jpg</imageforswf>
      <file_ext>jpg</file_ext>
      <file_mime>image/jpeg</file_mime>
      <file_width>1920</file_width>
      <file_height>785</file_height>
      <file_alt></file_alt>
      <file_click>/about/</file_click>
      <target>_blank</target>
      <bannerhtml>&lt;p class="main-slider-three__sub-title"&gt;Chào Mừng Bạn Đến Với Chúng Tôi&lt;/p&gt;&#13;
&#13;
&lt;h2 class="main-slider-three__title"&gt;Các Siêu Phẩm&lt;br /&gt;&#13;
Thiết Kế&lt;br /&gt;&#13;
Cho Ngôi Nhà Bạn&lt;span&gt;.&lt;/span&gt;&lt;/h2&gt;</bannerhtml>
      <publ_time>1667892395</publ_time>
      <exp_time>0</exp_time>
    </banners_item>
    <banners_item>
      <id>4</id>
      <title>Banner_Top_2</title>
      <clid>1</clid>
      <file_name>main-slider-3-2_1.jpg</file_name>
      <imageforswf>main-slider-3-2.jpg</imageforswf>
      <file_ext>jpg</file_ext>
      <file_mime>image/jpeg</file_mime>
      <file_width>1920</file_width>
      <file_height>785</file_height>
      <file_alt></file_alt>
      <file_click></file_click>
      <target>_blank</target>
      <bannerhtml>&lt;p class="main-slider-three__sub-title"&gt;Nội Thất Kings Men&lt;/p&gt;&#13;
&#13;
&lt;h2 class="main-slider-three__title"&gt;Chất Lượng&lt;br /&gt;&#13;
Uy Tín&lt;br /&gt;&#13;
Tận Tâm&lt;span&gt;.&lt;/span&gt;&lt;/h2&gt;</bannerhtml>
      <publ_time>1667892420</publ_time>
      <exp_time>0</exp_time>
    </banners_item>
  </banners>
</plan>
