<?xml version="1.0" encoding="utf-8"?>
<plan>
  <id>7</id>
  <lang></lang>
  <title>Bình Luận</title>
  <form>sequential</form>
  <width>50</width>
  <height>50</height>
  <banners>
    <banners_item>
      <id>11</id>
      <title>Nguyễn Gia Hải</title>
      <clid>1</clid>
      <file_name>testimonial-1-1_1.jpg</file_name>
      <imageforswf>testimonial-1-1.jpg</imageforswf>
      <file_ext>jpg</file_ext>
      <file_mime>image/jpeg</file_mime>
      <file_width>78</file_width>
      <file_height>78</file_height>
      <file_alt>Giám Đốc Marketing ABC</file_alt>
      <file_click></file_click>
      <target>_blank</target>
      <bannerhtml>Lorem ipsum dolor sit amet elit, sed do eiusmod tempor to incidut labore et dolore magna for aliqua. Quis ipsum suspendisse.</bannerhtml>
      <publ_time>1667965920</publ_time>
      <exp_time>0</exp_time>
    </banners_item>
    <banners_item>
      <id>12</id>
      <title>Hàn Băng Băng</title>
      <clid>1</clid>
      <file_name>testimonial-1-2_1.jpg</file_name>
      <imageforswf>testimonial-1-2.jpg</imageforswf>
      <file_ext>jpg</file_ext>
      <file_mime>image/jpeg</file_mime>
      <file_width>78</file_width>
      <file_height>78</file_height>
      <file_alt>Trưởng Phòng Hyundai Hải Phòng</file_alt>
      <file_click></file_click>
      <target>_blank</target>
      <bannerhtml>Lorem ipsum dolor sit amet elit, sed do eiusmod tempor to incidut labore et dolore magna for aliqua. Quis ipsum suspendisse.</bannerhtml>
      <publ_time>1667966021</publ_time>
      <exp_time>0</exp_time>
    </banners_item>
    <banners_item>
      <id>13</id>
      <title>Phan Đình</title>
      <clid>1</clid>
      <file_name>testimonial-1-3_1.jpg</file_name>
      <imageforswf>testimonial-1-3.jpg</imageforswf>
      <file_ext>jpg</file_ext>
      <file_mime>image/jpeg</file_mime>
      <file_width>78</file_width>
      <file_height>78</file_height>
      <file_alt>Giám Đốc SJC</file_alt>
      <file_click></file_click>
      <target>_blank</target>
      <bannerhtml>Lorem ipsum dolor sit amet elit, sed do eiusmod tempor to incidut labore et dolore magna for aliqua. Quis ipsum suspendisse.</bannerhtml>
      <publ_time>1667966082</publ_time>
      <exp_time>0</exp_time>
    </banners_item>
  </banners>
</plan>
