<?xml version="1.0" encoding="utf-8"?>
<plan>
  <id>6</id>
  <lang></lang>
  <title>Banner_Top_Brand</title>
  <form>sequential</form>
  <width>50</width>
  <height>50</height>
  <banners>
    <banners_item>
      <id>6</id>
      <title>Banner_Top_Brand</title>
      <clid>1</clid>
      <file_name>brand-1-1_1.png</file_name>
      <imageforswf>brand-1-1.png</imageforswf>
      <file_ext>png</file_ext>
      <file_mime>image/png</file_mime>
      <file_width>140</file_width>
      <file_height>78</file_height>
      <file_alt></file_alt>
      <file_click></file_click>
      <target>_blank</target>
      <bannerhtml></bannerhtml>
      <publ_time>1667898264</publ_time>
      <exp_time>0</exp_time>
    </banners_item>
    <banners_item>
      <id>7</id>
      <title>Banner_Top_Brand2</title>
      <clid>1</clid>
      <file_name>brand-1-2_1.png</file_name>
      <imageforswf>brand-1-2.png</imageforswf>
      <file_ext>png</file_ext>
      <file_mime>image/png</file_mime>
      <file_width>140</file_width>
      <file_height>78</file_height>
      <file_alt></file_alt>
      <file_click></file_click>
      <target>_blank</target>
      <bannerhtml></bannerhtml>
      <publ_time>1667898284</publ_time>
      <exp_time>0</exp_time>
    </banners_item>
    <banners_item>
      <id>10</id>
      <title>Banner_Top_Brand5</title>
      <clid>1</clid>
      <file_name>brand-1-5_1.png</file_name>
      <imageforswf>brand-1-5.png</imageforswf>
      <file_ext>png</file_ext>
      <file_mime>image/png</file_mime>
      <file_width>140</file_width>
      <file_height>78</file_height>
      <file_alt></file_alt>
      <file_click></file_click>
      <target>_blank</target>
      <bannerhtml></bannerhtml>
      <publ_time>1667898331</publ_time>
      <exp_time>0</exp_time>
    </banners_item>
    <banners_item>
      <id>8</id>
      <title>Banner_Top_Brand3</title>
      <clid>1</clid>
      <file_name>brand-1-3_1.png</file_name>
      <imageforswf>brand-1-3.png</imageforswf>
      <file_ext>png</file_ext>
      <file_mime>image/png</file_mime>
      <file_width>140</file_width>
      <file_height>78</file_height>
      <file_alt></file_alt>
      <file_click></file_click>
      <target>_blank</target>
      <bannerhtml></bannerhtml>
      <publ_time>1667898240</publ_time>
      <exp_time>0</exp_time>
    </banners_item>
    <banners_item>
      <id>9</id>
      <title>Banner_Top_Brand4</title>
      <clid>1</clid>
      <file_name>brand-1-4_1.png</file_name>
      <imageforswf>brand-1-4.png</imageforswf>
      <file_ext>png</file_ext>
      <file_mime>image/png</file_mime>
      <file_width>140</file_width>
      <file_height>78</file_height>
      <file_alt></file_alt>
      <file_click></file_click>
      <target>_blank</target>
      <bannerhtml></bannerhtml>
      <publ_time>1667898300</publ_time>
      <exp_time>0</exp_time>
    </banners_item>
  </banners>
</plan>
