<?xml version="1.0" encoding="utf-8"?>
<plan>
  <id>5</id>
  <lang></lang>
  <title>Banner_Top_3</title>
  <form>sequential</form>
  <width>50</width>
  <height>50</height>
  <banners>
    <banners_item>
      <id>5</id>
      <title>Banner_Top_3_1</title>
      <clid>1</clid>
      <file_name>why-choose-one-img-1_1.jpg</file_name>
      <imageforswf>why-choose-one-img-1.jpg</imageforswf>
      <file_ext>jpg</file_ext>
      <file_mime>image/jpeg</file_mime>
      <file_width>472</file_width>
      <file_height>542</file_height>
      <file_alt>icon-checked</file_alt>
      <file_click></file_click>
      <target>_blank</target>
      <bannerhtml>&lt;div class="section-title text-left"&gt;&lt;span class="section-title__tagline"&gt;Tại Sao Nên Chọn Chúng Tôi&lt;/span&gt;&#13;
&lt;h2 class="section-title__title"&gt;Tiêu Chí Của KingsMen Là Khách Hàng&lt;/h2&gt;&#13;
&#13;
&lt;div class="section-title__line"&gt;&amp;nbsp;&lt;/div&gt;&#13;
&lt;/div&gt;&#13;
&#13;
&lt;ul class="list-unstyled why-choose-one__points"&gt;&#13;
	&lt;li&gt;&#13;
	&lt;div class="icon"&gt;&amp;nbsp;&lt;/div&gt;&#13;
&#13;
	&lt;div class="text"&gt;&#13;
	&lt;h4&gt;Beautiful Clean Result&lt;/h4&gt;&#13;
&#13;
	&lt;p&gt;Lorem ipsum dolor sit amet, consectetur adipisicing elit sed do eiusmod tempor incididunt ut labore et.&lt;/p&gt;&#13;
	&lt;/div&gt;&#13;
	&lt;/li&gt;&#13;
	&lt;li&gt;&#13;
	&lt;div class="icon"&gt;&amp;nbsp;&lt;/div&gt;&#13;
&#13;
	&lt;div class="text"&gt;&#13;
	&lt;h4&gt;Awesome Work Deliver&lt;/h4&gt;&#13;
&#13;
	&lt;p&gt;Lorem ipsum dolor sit amet, consectetur adipisicing elit sed do eiusmod tempor incididunt ut labore et.&lt;/p&gt;&#13;
	&lt;/div&gt;&#13;
	&lt;/li&gt;&#13;
&lt;/ul&gt;</bannerhtml>
      <publ_time>1667896320</publ_time>
      <exp_time>0</exp_time>
    </banners_item>
  </banners>
</plan>
